{"cameraMode":{"drawMode":0,"name":"Shaded","section":"Shading Mode"},"sceneLighting":true,"audioPlay":false,"sceneViewState":{"showFog":true,"showMaterialUpdate":false,"showSkybox":true,"showFlares":true,"showImageEffects":true,"showParticleSystems":true},"in2DMode":false,"pivot":{"x":0.50830078125,"y":1.510009765625,"z":-0.666748046875},"rotation":{"x":0.11755732446908951,"y":-0.7798678278923035,"z":0.1540316641330719,"w":0.5951980352401733},"size":3.793407440185547,"orthographic":true}