{"cameraMode":{"drawMode":0,"name":"Shaded","section":"Shading Mode"},"sceneLighting":true,"audioPlay":false,"sceneViewState":{"showFog":true,"showMaterialUpdate":false,"showSkybox":true,"showFlares":true,"showImageEffects":true,"showParticleSystems":true},"in2DMode":false,"pivot":{"x":0.3158106803894043,"y":2.796152114868164,"z":0.9534478187561035},"rotation":{"x":-0.03832608088850975,"y":0.9514113068580627,"z":-0.1324349194765091,"w":-0.2753337621688843},"size":6.125852108001709,"orthographic":false}