{"cameraMode":{"drawMode":0,"name":"Shaded","section":"Shading Mode"},"sceneLighting":true,"audioPlay":false,"sceneViewState":{"showFog":true,"showMaterialUpdate":false,"showSkybox":true,"showFlares":true,"showImageEffects":true,"showParticleSystems":true},"in2DMode":false,"pivot":{"x":-3.32342529296875,"y":-0.9205787181854248,"z":-2.5367698669433595},"rotation":{"x":-0.13277193903923036,"y":0.7957481145858765,"z":-0.18867892026901246,"w":-0.5599614977836609},"size":9.771340370178223,"orthographic":false}