{"cameraMode":{"drawMode":0,"name":"Shaded","section":"Shading Mode"},"sceneLighting":true,"audioPlay":false,"sceneViewState":{"showFog":true,"showMaterialUpdate":false,"showSkybox":true,"showFlares":true,"showImageEffects":true,"showParticleSystems":true},"in2DMode":false,"pivot":{"x":-0.4113140106201172,"y":1.739937424659729,"z":-1.6625887155532838},"rotation":{"x":-0.08645904064178467,"y":0.8615155816078186,"z":-0.15676820278167725,"w":-0.4751206338405609},"size":22.0,"orthographic":true}