{"cameraMode":{"drawMode":0,"name":"Shaded","section":"Shading Mode"},"sceneLighting":true,"audioPlay":false,"sceneViewState":{"showFog":true,"showMaterialUpdate":false,"showSkybox":true,"showFlares":true,"showImageEffects":true,"showParticleSystems":true},"in2DMode":false,"pivot":{"x":-1.0876617431640626,"y":2.550048828125,"z":-0.3544921875},"rotation":{"x":0.16381224989891053,"y":-0.07215604931116104,"z":0.012013018131256104,"w":0.983775794506073},"size":5.575974941253662,"orthographic":true}