{"cameraMode":{"drawMode":0,"name":"Shaded","section":"Shading Mode"},"sceneLighting":true,"audioPlay":false,"sceneViewState":{"showFog":true,"showMaterialUpdate":false,"showSkybox":true,"showFlares":true,"showImageEffects":true,"showParticleSystems":true},"in2DMode":false,"pivot":{"x":0.10221898555755615,"y":0.9955440163612366,"z":0.30263540148735049},"rotation":{"x":-0.25252100825309756,"y":0.09301244467496872,"z":-0.024392805993556978,"w":-0.9628015756607056},"size":5.5610456466674809,"orthographic":true}