{"cameraMode":{"drawMode":0,"name":"Shaded","section":"Shading Mode"},"sceneLighting":true,"audioPlay":false,"sceneViewState":{"showFog":true,"showMaterialUpdate":false,"showSkybox":true,"showFlares":true,"showImageEffects":true,"showParticleSystems":true},"in2DMode":false,"pivot":{"x":-0.7236328125,"y":0.93505859375,"z":0.33251953125},"rotation":{"x":0.056959766894578937,"y":-0.9400462508201599,"z":0.19594554603099824,"w":0.2732657194137573},"size":3.1553168296813967,"orthographic":true}