{"cameraMode":{"drawMode":0,"name":"Shaded","section":"Shading Mode"},"sceneLighting":true,"audioPlay":false,"sceneViewState":{"showFog":true,"showMaterialUpdate":false,"showSkybox":true,"showFlares":true,"showImageEffects":true,"showParticleSystems":true},"in2DMode":false,"pivot":{"x":-14.239999771118164,"y":1.7604072093963624,"z":3.405003070831299},"rotation":{"x":-0.11457264423370362,"y":0.43462783098220827,"z":-0.055854130536317828,"w":-0.891544759273529},"size":6.589390277862549,"orthographic":false}