{"cameraMode":{"drawMode":0,"name":"Shaded","section":"Shading Mode"},"sceneLighting":true,"audioPlay":false,"sceneViewState":{"showFog":true,"showMaterialUpdate":false,"showSkybox":true,"showFlares":true,"showImageEffects":true,"showParticleSystems":true},"in2DMode":false,"pivot":{"x":-5.553423881530762,"y":-0.12905597686767579,"z":5.298015594482422},"rotation":{"x":-0.13248035311698914,"y":0.8559306263923645,"z":-0.2692880928516388,"w":-0.4210885763168335},"size":19.6899356842041,"orthographic":false}